{
  "dc_logic": true,
  "filtrage": 100,
  "repeat_permut": 1,
  "random_permut": false,
  "load_general_exception_filters": true,
  "accuracy": 0.8382985257985258,
  "DP": 1.0,
  "OP": 0.0,
  "f1": 0.6377708978328174,
  "precision": 0.5694103194103194,
  "recall": 0.7247849882720876,
  "confusion_matrix": [
    [
      4532,
      701
    ],
    [
      352,
      927
    ]
  ],
  "Number_rules": 11,
  "Number_conditions": 32,
  "Average_conditions_per_rule": 2.909090909090909,
  "Std_conditions_per_rule": 2.2745447278539643,
  "Number_correlation_POS": 0,
  "Number_correlation_NEG": 0,
  "fairnes_true": true,
  "stat_parity": 0.8266042296487424,
  "equal_odds": 0.1892229471087537
}