{"dc_logic": false, "filtrage": 0, "repeat_permut": 10, "random_permut": true, "load_general_exception_filters": false, "accuracy": 0.8535012285012284, "DP": 0.6540948275862069, "OP": -0.09858722358722359, "f1": 0.6694386694386694, "precision": 0.6427145708582834, "recall": 0.6984815618221258, "confusion_matrix": [[4592, 537], [417, 966]], "Number_rules": 274, "Number_conditions": 1937, "Average_conditions_per_rule": 7.069343065693431, "Std_conditions_per_rule": 4.147676546733186, "Number_correlation_POS": 0, "Number_correlation_NEG": 0, "fairnes_true": false, "stat_parity": 0.9256235121365164, "equal_odds": 0.09123918040226635}