{"dc_logic": false, "filtrage": 0, "repeat_permut": 10, "random_permut": true, "load_general_exception_filters": true, "accuracy": 0.8390663390663391, "DP": 0.6304604486422668, "OP": -0.048065110565110564, "f1": 0.5121042830540037, "precision": 0.36593479707252163, "recall": 0.8527131782945736, "confusion_matrix": [[4914, 953], [95, 550]], "Number_rules": 207, "Number_conditions": 1669, "Average_conditions_per_rule": 8.06280193236715, "Std_conditions_per_rule": 4.328416148208667, "Number_correlation_POS": 70, "Number_correlation_NEG": 39, "fairnes_true": false}