{"dc_logic": true, "filtrage": 100, "repeat_permut": 10, "random_permut": true, "load_general_exception_filters": false, "accuracy": 0.8570331695331695, "DP": 1.0, "OP": 0.0, "f1": 0.6573426573426573, "precision": 0.5941450432468397, "recall": 0.7355848434925865, "confusion_matrix": [[4688, 610], [321, 893]], "Number_rules": 274, "Number_conditions": 1462, "Average_conditions_per_rule": 5.335766423357664, "Std_conditions_per_rule": 3.0018908208305106, "Number_correlation_POS": 0, "Number_correlation_NEG": 0, "fairnes_true": true, "stat_parity": 0.9438826241504952, "equal_odds": 0.06705545624185709}