{"dc_logic": true, "filtrage": 100, "repeat_permut": 10, "random_permut": true, "load_general_exception_filters": true, "accuracy": 0.8316953316953317, "DP": 1.0, "OP": 0.0, "f1": 0.4611602753195674, "precision": 0.3120425815036593, "recall": 0.8832391713747646, "confusion_matrix": [[4947, 1034], [62, 469]], "Number_rules": 204, "Number_conditions": 1192, "Average_conditions_per_rule": 5.8431372549019605, "Std_conditions_per_rule": 3.3129132314626517, "Number_correlation_POS": 70, "Number_correlation_NEG": 48, "fairnes_true": true}