{"dc_logic": false, "filtrage": 50, "repeat_permut": 10, "random_permut": true, "load_general_exception_filters": false, "accuracy": 0.8553439803439803, "DP": 0.777706598334401, "OP": -0.053286240786240786, "f1": 0.6596820809248554, "precision": 0.6074517631403858, "recall": 0.7217391304347827, "confusion_matrix": [[4657, 590], [352, 913]], "Number_rules": 274, "Number_conditions": 1937, "Average_conditions_per_rule": 7.069343065693431, "Std_conditions_per_rule": 4.147676546733186, "Number_correlation_POS": 0, "Number_correlation_NEG": 0, "fairnes_true": true, "stat_parity": 0.9518253122053153, "equal_odds": 0.0743053426182109}