{"dc_logic": false, "filtrage": 50, "repeat_permut": 10, "random_permut": true, "load_general_exception_filters": true, "accuracy": 0.8332309582309583, "DP": 0.8266253869969041, "OP": -0.0171990171990172, "f1": 0.46764705882352936, "precision": 0.31736526946107785, "recall": 0.888268156424581, "confusion_matrix": [[4949, 1026], [60, 477]], "Number_rules": 207, "Number_conditions": 1669, "Average_conditions_per_rule": 8.06280193236715, "Std_conditions_per_rule": 4.328416148208667, "Number_correlation_POS": 70, "Number_correlation_NEG": 38, "fairnes_true": true}