{"dc_logic": false, "filtrage": 100, "repeat_permut": 10, "random_permut": true, "load_general_exception_filters": false, "accuracy": 0.8573402948402948, "DP": 1.0, "OP": 0.0, "f1": 0.6583302684810592, "precision": 0.5954757152361942, "recall": 0.7360197368421053, "confusion_matrix": [[4688, 608], [321, 895]], "Number_rules": 274, "Number_conditions": 1937, "Average_conditions_per_rule": 7.069343065693431, "Std_conditions_per_rule": 4.147676546733186, "Number_correlation_POS": 0, "Number_correlation_NEG": 0, "fairnes_true": true, "stat_parity": 0.9441941021134294, "equal_odds": 0.06840772128580568}