{"dc_logic": false, "filtrage": 100, "repeat_permut": 10, "random_permut": true, "load_general_exception_filters": true, "accuracy": 0.8327702702702703, "DP": 1.0, "OP": 0.0, "f1": 0.46696035242290745, "precision": 0.31736526946107785, "recall": 0.8833333333333333, "confusion_matrix": [[4946, 1026], [63, 477]], "Number_rules": 207, "Number_conditions": 1669, "Average_conditions_per_rule": 8.06280193236715, "Std_conditions_per_rule": 4.328416148208667, "Number_correlation_POS": 70, "Number_correlation_NEG": 38, "fairnes_true": true}