{"dc_logic": true, "filtrage": 50, "repeat_permut": 10, "random_permut": true, "load_general_exception_filters": false, "accuracy": 0.8548832923832924, "DP": 0.7755627009646302, "OP": -0.053593366093366096, "f1": 0.6601941747572816, "precision": 0.6107784431137725, "recall": 0.7183098591549296, "confusion_matrix": [[4649, 585], [360, 918]], "Number_rules": 274, "Number_conditions": 1462, "Average_conditions_per_rule": 5.335766423357664, "Std_conditions_per_rule": 3.0018908208305106, "Number_correlation_POS": 0, "Number_correlation_NEG": 0, "fairnes_true": true, "stat_parity": 0.9538499189643871, "equal_odds": 0.07606722740533858}