{"dc_logic": true, "filtrage": 50, "repeat_permut": 10, "random_permut": true, "load_general_exception_filters": true, "accuracy": 0.835534398034398, "DP": 0.7092866756393001, "OP": -0.033169533169533166, "f1": 0.49217638691322907, "precision": 0.34530938123752497, "recall": 0.8564356435643564, "confusion_matrix": [[4922, 984], [87, 519]], "Number_rules": 203, "Number_conditions": 1188, "Average_conditions_per_rule": 5.852216748768473, "Std_conditions_per_rule": 3.3185302272656987, "Number_correlation_POS": 70, "Number_correlation_NEG": 49, "fairnes_true": true}