{"dc_logic": true, "filtrage": 0, "repeat_permut": 10, "random_permut": true, "load_general_exception_filters": true, "accuracy": 0.8390663390663391, "DP": 0.6304604486422668, "OP": -0.048065110565110564, "f1": 0.5121042830540037, "precision": 0.36593479707252163, "recall": 0.8527131782945736, "confusion_matrix": [[4914, 953], [95, 550]], "Number_rules": 207, "Number_conditions": 1196, "Average_conditions_per_rule": 5.777777777777778, "Std_conditions_per_rule": 3.334621329259813, "Number_correlation_POS": 70, "Number_correlation_NEG": 39, "fairnes_true": false}